{
    "analysis_timestamp": "2025-04-22 11:52:28",
    "data_quality": {
        "original_shape": [
            891,
            12
        ],
        "cleaned_shape": [
            891,
            11
        ],
        "transformed_shape": [
            891,
            11
        ],
        "missing_values_handled": {
            "Age": 177,
            "Cabin": 687,
            "Embarked": 2
        }
    },
    "transformations_applied": {
        "categorical_encoding": [
            "Sex",
            "Embarked"
        ],
        "numerical_scaling": [
            "Age",
            "Fare"
        ],
        "feature_engineering": [
            "Has_Cabin",
            "FamilySize",
            "IsAlone"
        ]
    },
    "data_preparation_steps": [
        "1. Analyzed raw data structure and quality",
        "2. Handled missing values using appropriate strategies",
        "3. Removed non-essential columns",
        "4. Encoded categorical variables",
        "5. Scaled numerical features",
        "6. Created new features for family size and isolation"
    ]
}